type,offset,i,exact,online
float,0,2000,0.0001168575875,0.0001168576418
float,0,4000,8.599728372e-05,8.599735884e-05
float,0,6000,0.0001015158874,0.0001015160451
float,0,8000,9.635536837e-05,9.635563038e-05
float,0,10000,0.0001140251908,0.0001140253808
float,0,12000,8.770135686e-05,8.77013299e-05
float,0,14000,0.0001336941233,0.0001336941059
float,0,16000,0.0001080702008,0.0001080701695
float,0,18000,0.0001309498306,0.0001309500367
float,0,20000,0.0001223406439,0.0001223409927
float,0,22000,0.0001110325438,0.0001110326994
float,0,24000,9.172355523e-05,9.172377031e-05
float,0,26000,0.0001107642683,0.0001107643402
float,0,28000,8.066403909e-05,8.066422015e-05
float,0,30000,9.87899448e-05,9.878990386e-05
float,0,32000,8.631374613e-05,8.631350647e-05
float,0,34000,9.338906211e-05,9.338872769e-05
float,0,36000,7.910996018e-05,7.910971908e-05
float,0,38000,0.000106672442,0.0001066723416
float,0,40000,0.0001123635727,0.0001123634356
float,0,42000,9.338544948e-05,9.338532254e-05
float,0,44000,0.0001023836165,0.0001023832519
float,0,46000,7.926337674e-05,7.926304534e-05
float,0,48000,0.0001042241904,0.0001042237927
float,0,50000,0.0001283723161,0.0001283719757
float,0,52000,0.0001006868174,0.0001006866369
float,0,54000,0.0001004544193,0.0001004542428
float,0,56000,9.995390886e-05,9.995370783e-05
float,0,58000,9.11247963e-05,9.112452972e-05
float,0,60000,0.0001088657803,0.0001088654026
float,0,62000,0.0001268415672,0.0001268410706
float,0,64000,8.896612577e-05,8.896564395e-05
float,0,66000,0.0001014882891,0.0001014879308
float,0,68000,0.0001044631137,0.0001044627279
float,0,70000,9.578020898e-05,9.57798693e-05
float,0,72000,9.569915099e-05,9.569886606e-05
float,0,74000,9.41608048e-05,9.416043758e-05
float,0,76000,8.823188229e-05,8.823167445e-05
float,0,78000,0.0001240456194,0.0001240453712
float,0,80000,7.520743449e-05,7.520709914e-05
float,0,82000,6.607014898e-05,6.606984243e-05
float,0,84000,0.0001257371341,0.0001257368713
float,0,86000,8.82345029e-05,8.823417011e-05
float,0,88000,7.245321532e-05,7.24528436e-05
float,0,90000,0.0001126600557,0.0001126597781
float,0,92000,8.787711986e-05,8.787687693e-05
float,0,94000,9.458898634e-05,9.458857676e-05
float,0,96000,0.0001335153747,0.0001335149573
float,0,98000,7.12607988e-05,7.126036508e-05
float,0,100000,0.0001203709562,0.0001203705324
float,0,102000,9.719407119e-05,9.719372611e-05
float,0,104000,0.0001210494206,0.0001210489499
float,0,106000,8.335052458e-05,8.334990707e-05
float,0,108000,0.0001055648232,0.000105564257
float,0,110000,0.0001042012792,0.0001042008589
float,0,112000,8.145768138e-05,8.145736501e-05
float,0,114000,8.684147734e-05,8.684094792e-05
float,0,116000,7.719220133e-05,7.719183486e-05
float,0,118000,9.158460102e-05,9.158430476e-05
float,0,120000,0.0001014898256,0.0001014893569
float,0,122000,9.800696873e-05,9.800647967e-05
float,0,124000,0.000107174591,0.0001071740116
float,0,126000,8.824238358e-05,8.824165707e-05
float,0,128000,9.220749822e-05,9.220677748e-05
float,0,130000,0.0001195115999,0.0001195107834
float,0,132000,8.388190747e-05,8.388100832e-05
float,0,134000,8.938864442e-05,8.93876786e-05
float,0,136000,9.359900068e-05,9.359800606e-05
float,0,138000,0.0001060514832,0.0001060507711
float,0,140000,8.444087378e-05,8.44402457e-05
float,0,142000,9.788218909e-05,9.788161697e-05
float,0,144000,8.114482489e-05,8.114418597e-05
float,0,146000,0.0001011848838,0.0001011843851
float,0,148000,0.0001112641233,0.0001112637183
float,0,150000,0.0001033099472,0.0001033095468
float,0,152000,7.268696756e-05,7.268648915e-05
float,0,154000,0.0001188900373,0.0001188894166
float,0,156000,8.579799779e-05,8.57974228e-05
float,0,158000,0.0001077431772,0.0001077427587
float,0,160000,6.949652095e-05,6.949610543e-05
float,0,162000,0.0001116387857,0.0001116384083
float,0,164000,9.885426885e-05,9.885404143e-05
float,0,166000,0.0001451667519,0.0001451665303
float,0,168000,0.0001116608374,0.0001116604763
float,0,170000,9.389265664e-05,9.389210027e-05
float,0,172000,5.921809784e-05,5.921757838e-05
float,0,174000,9.170092653e-05,9.170023259e-05
float,0,176000,0.0001098252603,0.000109824643
float,0,178000,9.431760412e-05,9.431694343e-05
float,0,180000,9.519792363e-05,9.519747255e-05
float,0,182000,8.821678899e-05,8.821638767e-05
float,0,184000,0.0001231298977,0.0001231296337
float,0,186000,0.0001088558969,0.0001088556819
float,0,188000,0.000103741342,0.0001037412731
float,0,190000,0.0001004475415,0.0001004475926
float,0,192000,8.71761218e-05,8.717625315e-05
float,0,194000,9.526712929e-05,9.526727808e-05
float,0,196000,0.0001008256685,0.0001008259133
float,0,198000,0.0001021343873,0.0001021346543
float,0,200000,0.0001176157959,0.0001176160804
float,0,202000,8.877279494e-05,8.877310029e-05
float,0,204000,0.0001120989862,0.000112099231
float,0,206000,0.0001127311636,0.0001127314608
float,0,208000,0.0001026039707,0.0001026044411
float,0,210000,0.000107621929,0.000107622378
float,0,212000,9.560778643e-05,9.560810577e-05
float,0,214000,0.0001025601937,0.0001025603924
float,0,216000,9.545146651e-05,9.545167995e-05
float,0,218000,0.0001021125585,0.0001021128337
float,0,220000,9.89413365e-05,9.894171671e-05
float,0,222000,9.497957019e-05,9.497997235e-05
float,0,224000,0.00013330033,0.0001333009859
float,0,226000,9.700930516e-05,9.700996452e-05
float,0,228000,8.290146643e-05,8.290197729e-05
float,0,230000,0.0001165298128,0.0001165303038
float,0,232000,8.480895768e-05,8.480960969e-05
float,0,234000,0.0001153018954,0.0001153023477
float,0,236000,0.0001200078564,0.0001200085026
float,0,238000,7.652502716e-05,7.652562635e-05
float,0,240000,9.720459577e-05,9.720516391e-05
float,0,242000,0.0001138537021,0.0001138544103
float,0,244000,0.0001037049354,0.0001037054026
float,0,246000,0.0001017243896,0.0001017249524
float,0,248000,9.704029743e-05,9.704069817e-05
float,0,250000,0.0001049762967,0.0001049765342
float,0,252000,9.647357346e-05,9.647361003e-05
float,0,254000,8.52185344e-05,8.521878044e-05
float,0,256000,9.740480048e-05,9.740513633e-05
float,0,258000,8.412953354e-05,8.412966417e-05
float,0,260000,8.315427376e-05,8.31544894e-05
float,0,262000,8.235788976e-05,8.235788118e-05
float,0,264000,9.16732119e-05,9.167319513e-05
float,0,266000,8.792817041e-05,8.792808512e-05
float,0,268000,0.0001101452968,0.0001101450544
float,0,270000,9.566887868e-05,9.566867811e-05
float,0,272000,0.0001089025767,0.0001089024663
float,0,274000,9.850268722e-05,9.850277274e-05
float,0,276000,0.0001230181594,0.0001230183261
float,0,278000,9.344631893e-05,9.344636783e-05
float,0,280000,0.000115951218,0.0001159512685
float,0,282000,0.0001124224936,0.0001124226765
float,0,284000,9.960236435e-05,9.960241005e-05
float,0,286000,9.584970428e-05,9.584972577e-05
float,0,288000,0.0001156804014,0.000115680552
float,0,290000,0.0001291942009,0.00012919445
float,0,292000,8.347342038e-05,8.347373659e-05
float,0,294000,9.327424418e-05,9.327448061e-05
float,0,296000,8.817352472e-05,8.817398339e-05
float,0,298000,0.0001340491256,0.0001340496528
float,0,300000,8.140453199e-05,8.140518185e-05
float,0,302000,0.0001025404681,0.0001025410675
float,0,304000,9.125952491e-05,9.126011719e-05
float,0,306000,0.0001107866608,0.0001107873322
float,0,308000,0.0001035654492,0.0001035660898
float,0,310000,0.0001086367481,0.0001086375632
float,0,312000,8.346495595e-05,8.346570394e-05
float,0,314000,8.836284968e-05,8.836366032e-05
float,0,316000,8.842704196e-05,8.842800889e-05
float,0,318000,8.763546456e-05,8.763636288e-05
float,0,320000,0.0001178144661,0.0001178153543
float,0,322000,8.662942325e-05,8.663036715e-05
float,0,324000,9.370873544e-05,9.370967018e-05
float,0,326000,0.0001215829912,0.0001215838201
float,0,328000,0.0001056665703,0.0001056673136
float,0,330000,8.695202059e-05,8.695277211e-05
float,0,332000,0.0001145640834,0.0001145648421
float,0,334000,0.0001218837775,0.00012188455
float,0,336000,8.439114633e-05,8.439207886e-05
float,0,338000,9.96694326e-05,9.967050573e-05
float,0,340000,8.567466745e-05,8.567569603e-05
float,0,342000,8.466703201e-05,8.466814324e-05
float,0,344000,8.664150621e-05,8.664242341e-05
float,0,346000,9.47304221e-05,9.473138198e-05
float,0,348000,8.570985554e-05,8.571076614e-05
float,0,350000,0.0001033511436,0.0001033520894
float,0,352000,0.0001146036904,0.0001146045106
float,0,354000,0.000115539773,0.0001155406135
float,0,356000,9.437991252e-05,9.438047709e-05
float,0,358000,0.0001059613116,0.000105961939
float,0,360000,0.000113589381,0.0001135901039
float,0,362000,0.0001175919389,0.0001175924554
float,0,364000,8.792719456e-05,8.792753943e-05
float,0,366000,8.190099118e-05,8.190125664e-05
float,0,368000,0.0001120276626,0.0001120279194
float,0,370000,0.0001038412803,0.0001038413175
float,0,372000,8.085744306e-05,8.085752052e-05
float,0,374000,0.0001120744419,0.00011207442
float,0,376000,0.0001039502372,0.0001039502313
float,0,378000,0.0001227678172,0.0001227678295
float,0,380000,0.0001052024918,0.0001052024963
float,0,382000,8.739108314e-05,8.739097393e-05
float,0,384000,7.875720503e-05,7.875733718e-05
float,0,386000,0.000108093337,0.0001080933871
float,0,388000,0.0001116010288,0.000111601119
float,0,390000,0.0001099902016,0.0001099903166
float,0,392000,8.958261607e-05,8.958283433e-05
float,0,394000,9.601599049e-05,9.601601778e-05
float,0,396000,0.0001059266518,0.0001059267888
float,0,398000,0.0001000151572,0.0001000154589
float,0,400000,0.0001049617219,0.0001049621351
float,0,402000,9.822076161e-05,9.822120774e-05
float,0,404000,0.0001196915586,0.0001196917729
float,0,406000,9.661483182e-05,9.661520016e-05
float,0,408000,0.0001016780198,0.0001016785172
float,0,410000,7.781701516e-05,7.781783643e-05
float,0,412000,0.0001276097986,0.0001276102412
float,0,414000,0.0001207097472,0.0001207101886
float,0,416000,0.0001082096614,0.0001082100498
float,0,418000,0.0001034081745,0.0001034086308
float,0,420000,8.087923934e-05,8.087987226e-05
float,0,422000,9.29565357e-05,9.295688506e-05
float,0,424000,6.748344386e-05,6.748376472e-05
float,0,426000,0.0001013866164,0.0001013870933
float,0,428000,0.0001032624793,0.0001032632063
float,0,430000,9.927749873e-05,9.927841165e-05
float,0,432000,0.0001096072581,0.0001096082415
float,0,434000,9.991892928e-05,9.991986735e-05
float,0,436000,0.0001035250297,0.0001035257519
float,0,438000,0.0001207447413,0.0001207453606
float,0,440000,9.692176392e-05,9.692248568e-05
float,0,442000,8.640725163e-05,8.640799206e-05
float,0,444000,9.221306232e-05,9.221399523e-05
float,0,446000,0.0001084283112,0.000108429078
float,0,448000,0.0001074252191,0.0001074257889
float,0,450000,8.570862904e-05,8.570919454e-05
float,0,452000,8.429887983e-05,8.42994632e-05
float,0,454000,0.0001154329767,0.0001154334823
float,0,456000,0.0001241766645,0.0001241772407
float,0,458000,0.0001166039771,0.0001166045331
float,0,460000,0.0001008836818,0.0001008839536
float,0,462000,9.573419463e-05,9.573446005e-05
float,0,464000,8.300001129e-05,8.300023183e-05
float,0,466000,0.0001204252578,0.000120425495
float,0,468000,8.118679584e-05,8.118704136e-05
float,0,470000,9.728895627e-05,9.728909208e-05
float,0,472000,0.0001084548434,0.0001084551914
float,0,474000,0.0001024650614,0.0001024654048
float,0,476000,8.386363298e-05,8.386399713e-05
float,0,478000,0.0001099871691,0.000109987719
float,0,480000,8.654821378e-05,8.654865087e-05
float,0,482000,0.0001035149216,0.0001035153546
float,0,484000,0.0001021413544,0.0001021417193
float,0,486000,8.256409998e-05,8.256422734e-05
float,0,488000,0.0001002714445,0.0001002717108
float,0,490000,8.920493265e-05,8.920515393e-05
float,0,492000,0.0001084682405,0.0001084686955
float,0,494000,7.537068193e-05,7.537138299e-05
float,0,496000,7.669009213e-05,7.669076149e-05
float,0,498000,9.48728009e-05,9.487340139e-05
float,0,500000,0.0001135949286,0.0001135959101
float,0,502000,0.0001194088094,0.0001194098149
float,0,504000,0.0001184771133,0.0001184780776
float,0,506000,7.125119107e-05,7.125199045e-05
float,0,508000,0.0001006423136,0.0001006429884
float,0,510000,8.772907932e-05,8.772969886e-05
float,0,512000,7.996094008e-05,7.996145723e-05
float,0,514000,0.0001027262175,0.0001027267062
float,0,516000,7.736500737e-05,7.736562839e-05
float,0,518000,0.0001058051621,0.0001058060516
float,0,520000,0.0001049545566,0.0001049553903
float,0,522000,8.588009797e-05,8.588055061e-05
float,0,524000,7.546284189e-05,7.546346023e-05
float,0,526000,8.631684397e-05,8.631753735e-05
float,0,528000,8.354470279e-05,8.354547026e-05
float,0,530000,9.643295769e-05,9.643366502e-05
float,0,532000,0.0001426844415,0.000142685225
float,0,534000,0.0001253884442,0.0001253889932
float,0,536000,6.608007924e-05,6.608075637e-05
float,0,538000,9.886787184e-05,9.886850603e-05
float,0,540000,0.000102121118,0.0001021221542
float,0,542000,7.913224216e-05,7.913308946e-05
float,0,544000,0.0001064966046,0.0001064973694
float,0,546000,9.66161234e-05,9.661687363e-05
float,0,548000,0.0001214324564,0.0001214330914
float,0,550000,8.150174786e-05,8.15024905e-05
float,0,552000,9.069022888e-05,9.06908972e-05
float,0,554000,0.0001112027682,0.0001112035243
float,0,556000,9.442551152e-05,9.442605369e-05
float,0,558000,0.0001441508488,0.0001441513159
float,0,560000,0.0001148601389,0.0001148607771
float,0,562000,8.196086755e-05,8.196166164e-05
float,0,564000,8.312415726e-05,8.31250436e-05
float,0,566000,0.0001024935467,0.0001024946614
float,0,568000,8.142340486e-05,8.142467414e-05
float,0,570000,9.376843941e-05,9.376950038e-05
float,0,572000,8.48974969e-05,8.489859465e-05
float,0,574000,9.097270606e-05,9.097369912e-05
float,0,576000,8.619198297e-05,8.61931112e-05
float,0,578000,0.0001135479282,0.0001135489802
float,0,580000,0.0001056957065,0.0001056969995
float,0,582000,9.331871774e-05,9.331999172e-05
float,0,584000,9.214554157e-05,9.214653983e-05
float,0,586000,8.645577474e-05,8.645682101e-05
float,0,588000,8.532740481e-05,8.532823267e-05
float,0,590000,9.347469938e-05,9.347549349e-05
float,0,592000,9.344427865e-05,9.344497812e-05
float,0,594000,0.0001080633201,0.0001080639704
float,0,596000,0.0001033109641,0.0001033117078
float,0,598000,0.0001084694523,0.0001084701507
float,0,600000,8.026039385e-05,8.026114665e-05
float,0,602000,0.0001244166444,0.0001244172017
float,0,604000,9.372290111e-05,9.372347995e-05
float,0,606000,0.000106858968,0.0001068595666
float,0,608000,9.07120255e-05,9.0712776e-05
float,0,610000,9.291235223e-05,9.291304741e-05
float,0,612000,0.0001054037136,0.0001054042878
float,0,614000,0.0001025285119,0.0001025290767
float,0,616000,0.0001001236141,0.0001001243654
float,0,618000,9.230095177e-05,9.230183787e-05
float,0,620000,7.321193112e-05,7.321289741e-05
float,0,622000,0.000102944222,0.0001029450505
float,0,624000,8.334208273e-05,8.334281301e-05
float,0,626000,7.762740885e-05,7.7627883e-05
float,0,628000,9.479630422e-05,9.479696018e-05
float,0,630000,9.485320797e-05,9.485392366e-05
float,0,632000,0.000110017621,0.000110018329
float,0,634000,0.0001147235019,0.00011472404
float,0,636000,8.067992519e-05,8.068035095e-05
float,0,638000,9.554344905e-05,9.554397548e-05
float,0,640000,0.0001053800047,0.0001053807136
float,0,642000,0.0001155080225,0.0001155088976
float,0,644000,9.128647172e-05,9.128732927e-05
float,0,646000,0.0001010613816,0.0001010622436
float,0,648000,0.0001245409708,0.0001245417661
float,0,650000,8.084516211e-05,8.084598812e-05
float,0,652000,0.000102815434,0.0001028161932
float,0,654000,7.58173027e-05,7.581817044e-05
float,0,656000,8.245492803e-05,8.245582285e-05
float,0,658000,9.094988469e-05,9.095077985e-05
float,0,660000,0.0001244868556,0.0001244878658
float,0,662000,0.0001012204898,0.0001012213834
float,0,664000,7.872807624e-05,7.872891001e-05
float,0,666000,0.000101483391,0.0001014841255
float,0,668000,9.850886733e-05,9.850978677e-05
float,0,670000,9.293130598e-05,9.293227777e-05
float,0,672000,0.0001057643344,0.0001057652917
float,0,674000,8.614036272e-05,8.614122635e-05
float,0,676000,0.0001177444152,0.0001177453523
float,0,678000,0.000105192876,0.0001051937579
float,0,680000,9.242520554e-05,9.242605302e-05
float,0,682000,9.787699616e-05,9.787760791e-05
float,0,684000,0.000102004477,0.0001020050258
float,0,686000,8.042847439e-05,8.042905392e-05
float,0,688000,8.615637861e-05,8.615691331e-05
float,0,690000,0.0001051904501,0.0001051908621
float,0,692000,0.0001205341114,0.0001205345397
float,0,694000,0.000103051284,0.0001030517669
float,0,696000,9.81077334e-05,9.810837946e-05
float,0,698000,0.0001196452874,0.0001196459561
float,0,700000,9.897223375e-05,9.897290875e-05
float,0,702000,0.000112216957,0.0001122178437
float,0,704000,9.871988017e-05,9.872060764e-05
float,0,706000,0.000108462447,0.0001084631876
float,0,708000,9.248810656e-05,9.248878632e-05
float,0,710000,0.0001009864082,0.0001009869738
float,0,712000,0.0001043886334,0.0001043891461
float,0,714000,9.415112442e-05,9.415160457e-05
float,0,716000,0.0001436573646,0.0001436576858
float,0,718000,8.873715841e-05,8.873757906e-05
float,0,720000,8.603953019e-05,8.604003233e-05
float,0,722000,9.214968785e-05,9.215015598e-05
float,0,724000,9.524886199e-05,9.52495393e-05
float,0,726000,0.0001153774821,0.0001153782505
float,0,728000,0.0001103822466,0.0001103828763
float,0,730000,8.324340385e-05,8.324414375e-05
float,0,732000,8.814487626e-05,8.814559988e-05
float,0,734000,9.918839883e-05,9.918916476e-05
float,0,736000,9.63186977e-05,9.631958528e-05
float,0,738000,9.353080648e-05,9.353172936e-05
float,0,740000,8.907256641e-05,8.907340089e-05
float,0,742000,0.0001261115085,0.0001261122379
float,0,744000,0.0001259511432,0.0001259518322
float,0,746000,0.0001094207635,0.0001094215186
float,0,748000,9.256560709e-05,9.256633348e-05
float,0,750000,8.738530618e-05,8.73859608e-05
float,0,752000,8.193750201e-05,8.19380075e-05
float,0,754000,9.151081016e-05,9.151140694e-05
float,0,756000,0.0001035348307,0.0001035353125
float,0,758000,8.85958678e-05,8.859617083e-05
float,0,760000,9.262066569e-05,9.262093954e-05
float,0,762000,0.0001189752179,0.0001189756003
float,0,764000,7.212458608e-05,7.212499622e-05
float,0,766000,0.0001267526065,0.0001267529587
float,0,768000,9.881643264e-05,9.881680307e-05
float,0,770000,0.0001053623129,0.0001053630185
float,0,772000,8.601298072e-05,8.601375157e-05
float,0,774000,8.514541456e-05,8.514614456e-05
float,0,776000,0.0001190383438,0.0001190392359
float,0,778000,9.993101771e-05,9.993216372e-05
float,0,780000,8.522373725e-05,8.522479038e-05
float,0,782000,0.0001162923816,0.0001162932895
float,0,784000,0.0001046922076,0.0001046932739
float,0,786000,8.936795524e-05,8.936911036e-05
float,0,788000,0.0001057102587,0.0001057116606
float,0,790000,8.910659761e-05,8.910816541e-05
float,0,792000,9.773757009e-05,9.773910278e-05
float,0,794000,9.894149486e-05,9.894282266e-05
float,0,796000,0.00011583832,0.0001158396408
float,0,798000,8.466922961e-05,8.467035514e-05
float,0,800000,7.823128774e-05,7.823221677e-05
float,0,802000,0.0001174025266,0.0001174035424
float,0,804000,6.091675921e-05,6.091752584e-05
float,0,806000,9.799757435e-05,9.799831605e-05
float,0,808000,0.0001292436362,0.0001292444067
float,0,810000,7.780914935e-05,7.780992019e-05
float,0,812000,8.639667209e-05,8.639731095e-05
float,0,814000,0.000116298235,0.0001162987537
float,0,816000,9.932906773e-05,9.932960529e-05
float,0,818000,9.845546829e-05,9.845594468e-05
float,0,820000,0.0001018117724,0.0001018121548
float,0,822000,0.0001115897696,0.0001115901468
float,0,824000,0.0001028227069,0.0001028232218
float,0,826000,9.113753296e-05,9.113798296e-05
float,0,828000,9.177851511e-05,9.177891479e-05
float,0,830000,0.0001073333766,0.0001073335807
float,0,832000,8.50814517e-05,8.508162136e-05
float,0,834000,9.491575773e-05,9.491586388e-05
float,0,836000,9.171218087e-05,9.171238344e-05
float,0,838000,7.3902192e-05,7.390243991e-05
float,0,840000,0.0001097744343,0.0001097749846
float,0,842000,0.0001082354406,0.0001082362287
float,0,844000,9.284579259e-05,9.284658881e-05
float,0,846000,9.075408747e-05,9.07547801e-05
float,0,848000,9.433739945e-05,9.433818195e-05
float,0,850000,0.0001144120785,0.0001144127818
float,0,852000,8.902246434e-05,8.902324043e-05
float,0,854000,9.452909028e-05,9.452977974e-05
float,0,856000,0.0001168112342,0.0001168120871
float,0,858000,9.183690345e-05,9.183771908e-05
float,0,860000,0.0001173712785,0.000117371972
float,0,862000,0.0001148343466,0.0001148350348
float,0,864000,7.933546453e-05,7.933611778e-05
float,0,866000,0.0001173170639,0.0001173174824
float,0,868000,9.972508449e-05,9.972541011e-05
float,0,870000,9.232915233e-05,9.232965385e-05
float,0,872000,9.443963747e-05,9.44403364e-05
float,0,874000,0.0001059471393,0.0001059479619
float,0,876000,0.0001053555847,0.0001053563101
float,0,878000,0.0001108921852,0.0001108928482
float,0,880000,8.186323432e-05,8.186385821e-05
float,0,882000,0.0001064551838,0.00010645578
float,0,884000,8.354078254e-05,8.354136662e-05
float,0,886000,0.0001227676184,0.0001227684697
float,0,888000,0.000112418859,0.0001124194969
float,0,890000,8.115721317e-05,8.115801757e-05
float,0,892000,8.721349988e-05,8.721437916e-05
float,0,894000,9.65007954e-05,9.650178981e-05
float,0,896000,9.998766458e-05,9.998872702e-05
float,0,898000,9.615086634e-05,9.615179442e-05
float,0,900000,8.777660311e-05,8.777772746e-05
float,0,902000,8.77285569e-05,8.772974979e-05
float,0,904000,8.339171695e-05,8.339289343e-05
float,0,906000,9.150883042e-05,9.150989354e-05
float,0,908000,0.0001028295777,0.0001028304832
float,0,910000,8.813168338e-05,8.81328524e-05
float,0,912000,0.0001122909575,0.0001122920585
float,0,914000,7.548533805e-05,7.54863795e-05
float,0,916000,0.0001229747727,0.0001229760819
float,0,918000,9.66568584e-05,9.665828838e-05
float,0,920000,0.0001130455292,0.0001130469464
float,0,922000,9.214931003e-05,9.215098544e-05
float,0,924000,0.0001114024379,0.0001114043553
float,0,926000,9.336606782e-05,9.336807125e-05
float,0,928000,0.0001061539421,0.0001061559597
float,0,930000,0.000105748563,0.0001057504633
float,0,932000,7.882476372e-05,7.882672799e-05
float,0,934000,9.09358026e-05,9.093774133e-05
float,0,936000,0.0001105554037,0.0001105572956
float,0,938000,8.25129179e-05,8.251493273e-05
float,0,940000,0.00010555795,0.0001055598186
float,0,942000,9.720676444e-05,9.720871458e-05
float,0,944000,0.0001129652628,0.0001129672746
float,0,946000,9.246802703e-05,9.246991976e-05
float,0,948000,8.948775286e-05,8.948962932e-05
float,0,950000,9.412788519e-05,9.412963118e-05
float,0,952000,9.310769973e-05,9.31093964e-05
float,0,954000,9.960310517e-05,9.960478201e-05
float,0,956000,0.0001023594061,0.0001023612203
float,0,958000,9.899615115e-05,9.899774886e-05
float,0,960000,0.0001052276688,0.0001052293374
float,0,962000,9.404495304e-05,9.404663433e-05
float,0,964000,9.634176908e-05,9.634358139e-05
float,0,966000,0.0001071813774,0.000107183092
float,0,968000,9.463759467e-05,9.463926835e-05
float,0,970000,9.476112509e-05,9.476294508e-05
float,0,972000,0.0001010611717,0.0001010626875
float,0,974000,9.659055178e-05,9.659209172e-05
float,0,976000,0.0001151737785,0.0001151755641
float,0,978000,8.769444554e-05,8.769609121e-05
float,0,980000,9.620072421e-05,9.620240598e-05
float,0,982000,0.000109006441,0.000109008186
float,0,984000,0.0001133251671,0.000113327078
float,0,986000,9.32051701e-05,9.320705431e-05
float,0,988000,9.829163902e-05,9.829318878e-05
float,0,990000,8.300616426e-05,8.300760237e-05
float,0,992000,0.0001014127028,0.0001014141963
float,0,994000,0.0001014674155,0.0001014689115
float,0,996000,9.793701606e-05,9.793840582e-05
float,0,998000,0.0001073031352,0.0001073045714
float,0,1000000,0.0001198194153,0.0001198208047
float,1000,2000,0.0001168401193,0.0001183395652
float,1000,4000,8.604108798e-05,8.69120413e-05
float,1000,6000,0.000101500844,0.0001038032933
float,1000,8000,9.632073681e-05,9.239814972e-05
float,1000,10000,0.0001140315786,0.0001221652201
float,1000,12000,8.764753852e-05,8.275758591e-05
float,1000,14000,0.0001337463036,0.0001547174033
float,1000,16000,0.0001080690531,0.000112040776
float,1000,18000,0.0001308484883,0.0001097771965
float,1000,20000,0.0001223290791,0.0001189010654
float,1000,22000,0.0001110164396,0.0001195615332
float,1000,24000,9.178005234e-05,9.479313303e-05
float,1000,26000,0.0001107034373,0.0001426308736
float,1000,28000,8.070444218e-05,7.885100058e-05
float,1000,30000,9.881274982e-05,0.0001087144337
float,1000,32000,8.63597019e-05,9.007623885e-05
float,1000,34000,9.335718071e-05,0.0001267003536
float,1000,36000,7.911174398e-05,0.0001045454192
float,1000,38000,0.0001066803496,8.825923578e-05
float,1000,40000,0.0001124067589,0.0001340346644
float,1000,42000,9.335588777e-05,9.465285257e-05
float,1000,44000,0.0001023729623,9.768674499e-05
float,1000,46000,7.92411933e-05,8.810533473e-05
float,1000,48000,0.0001042524311,0.0001014316003
float,1000,50000,0.0001283590706,0.0001285962644
float,1000,52000,0.0001007081203,0.0001138677108
float,1000,54000,0.0001004571938,0.0001079173308
float,1000,56000,9.9996188e-05,9.025042527e-05
float,1000,58000,9.109957765e-05,0.0001167713344
float,1000,60000,0.0001088006343,0.0001174081335
float,1000,62000,0.0001268235643,0.0001413314603
float,1000,64000,8.902546884e-05,9.419005073e-05
float,1000,66000,0.0001015320311,0.0001079757712
float,1000,68000,0.0001044898394,0.00011074543
float,1000,70000,9.572494813e-05,0.0001170995747
float,1000,72000,9.576957485e-05,0.0001021707139
float,1000,74000,9.418615488e-05,9.900038276e-05
float,1000,76000,8.830210476e-05,0.0001041955766
float,1000,78000,0.0001239953751,0.0001321122982
float,1000,80000,7.524156924e-05,8.621413144e-05
float,1000,82000,6.610207636e-05,6.701488746e-05
float,1000,84000,0.0001257045623,0.0001416326704
float,1000,86000,8.817301969e-05,0.0001113433609
float,1000,88000,7.245179793e-05,8.344059461e-05
float,1000,90000,0.0001126756737,0.0001192588097
float,1000,92000,8.794143457e-05,7.256768004e-05
float,1000,94000,9.459264652e-05,8.969682676e-05
float,1000,96000,0.0001336270194,0.0001226036693
float,1000,98000,7.124518317e-05,7.214931247e-05
float,1000,100000,0.0001202828971,0.0001031328211
float,1000,102000,9.718387416e-05,0.0001209668335
float,1000,104000,0.000121087447,0.0001101391827
float,1000,106000,8.335551943e-05,9.647959814e-05
float,1000,108000,0.0001055501458,9.568991663e-05
float,1000,110000,0.0001041972065,9.415174281e-05
float,1000,112000,8.144843006e-05,4.806218931e-05
float,1000,114000,8.683159345e-05,0.0001472069562
float,1000,116000,7.718943586e-05,8.503373829e-05
float,1000,118000,9.162075705e-05,9.615444287e-05
float,1000,120000,0.0001015008023,0.0001156756043
float,1000,122000,9.801794032e-05,0.0001169526658
float,1000,124000,0.0001071249276,0.0001098202047
float,1000,126000,8.828044352e-05,0.0001075370528
float,1000,128000,9.219095976e-05,0.0001184237044
float,1000,130000,0.00011952208,0.0001653285726
float,1000,132000,8.38807436e-05,8.709390386e-05
float,1000,134000,8.937431104e-05,9.195879102e-05
float,1000,136000,9.359031765e-05,0.0001011602581
float,1000,138000,0.0001060801364,0.0001193617281
float,1000,140000,8.450090095e-05,8.748769324e-05
float,1000,142000,9.785647457e-05,0.0001182025953
float,1000,144000,8.11641415e-05,9.615376621e-05
float,1000,146000,0.0001011879949,0.0001136361025
float,1000,148000,0.0001112625138,0.0001359143207
float,1000,150000,0.00010327199,0.0001210416449
float,1000,152000,7.269983453e-05,8.518628601e-05
float,1000,154000,0.0001189264125,0.0001314636465
float,1000,156000,8.57683369e-05,9.950645472e-05
float,1000,158000,0.0001077798445,0.000124242797
float,1000,160000,6.944994132e-05,9.07720023e-05
float,1000,162000,0.0001116856252,0.0001230185735
float,1000,164000,9.885715415e-05,0.0001134750491
float,1000,166000,0.0001452068578,0.0001591220935
float,1000,168000,0.0001116276841,0.0001148704177
float,1000,170000,9.393209272e-05,0.0001006384919
float,1000,172000,5.916990528e-05,6.775001384e-05
float,1000,174000,9.172046124e-05,0.0001070674043
float,1000,176000,0.0001098405754,0.0001162319895
float,1000,178000,9.432766587e-05,9.772904014e-05
float,1000,180000,9.515086208e-05,0.0001021923526
float,1000,182000,8.821835534e-05,8.378245548e-05
float,1000,184000,0.000123124666,0.0001246325264
float,1000,186000,0.000108844102,0.0001020932759
float,1000,188000,0.0001037249526,0.0001012099674
float,1000,190000,0.0001004808614,9.44481144e-05
float,1000,192000,8.713951127e-05,8.576901746e-05
float,1000,194000,9.535807665e-05,8.671847172e-05
float,1000,196000,0.0001007729197,9.656799375e-05
float,1000,198000,0.0001021229468,0.0001110626472
float,1000,200000,0.0001176685136,0.0001081931186
float,1000,202000,8.880274577e-05,9.756031068e-05
float,1000,204000,0.0001121122258,0.0001077850247
float,1000,206000,0.0001127447967,0.0001075552645
float,1000,208000,0.0001026545149,0.0001017039613
float,1000,210000,0.0001076504272,8.842164971e-05
float,1000,212000,9.563377522e-05,9.745596617e-05
float,1000,214000,0.0001025254964,0.0001146170616
float,1000,216000,9.544271825e-05,8.393853932e-05
float,1000,218000,0.0001020327647,0.0001017894538
float,1000,220000,9.89672282e-05,0.0001196875601
float,1000,222000,9.5032443e-05,8.884869749e-05
float,1000,224000,0.0001333490055,0.000144133548
float,1000,226000,9.707296549e-05,8.800204523e-05
float,1000,228000,8.292040289e-05,7.328316133e-05
float,1000,230000,0.000116529517,0.0001152188997
float,1000,232000,8.480070215e-05,8.052941121e-05
float,1000,234000,0.0001152624822,0.0001033723674
float,1000,236000,0.0001200433783,0.0001219324768
float,1000,238000,7.654645941e-05,6.983394996e-05
float,1000,240000,9.72015279e-05,9.460818546e-05
float,1000,242000,0.0001138281581,0.0001158696614
float,1000,244000,0.00010371615,8.61518929e-05
float,1000,246000,0.000101686704,9.319795936e-05
float,1000,248000,9.704123693e-05,8.459964738e-05
float,1000,250000,0.0001050192449,8.62740344e-05
float,1000,252000,9.646766226e-05,8.823921962e-05
float,1000,254000,8.519906588e-05,6.370566553e-05
float,1000,256000,9.740575809e-05,8.346851246e-05
float,1000,258000,8.421569461e-05,5.7404166e-05
float,1000,260000,8.311885625e-05,6.564491923e-05
float,1000,262000,8.234773019e-05,7.982773968e-05
float,1000,264000,9.166534915e-05,7.38626477e-05
float,1000,266000,8.791061175e-05,7.521511725e-05
float,1000,268000,0.0001101500891,9.089113883e-05
float,1000,270000,9.569634505e-05,6.634760939e-05
float,1000,272000,0.0001089871682,7.769680087e-05
float,1000,274000,9.848195307e-05,6.144877989e-05
float,1000,276000,0.0001229391706,9.869189671e-05
float,1000,278000,9.347940146e-05,7.024565275e-05
float,1000,280000,0.0001159828792,8.716215962e-05
float,1000,282000,0.0001124765908,8.233738481e-05
float,1000,284000,9.964515615e-05,8.825713303e-05
float,1000,286000,9.580121498e-05,8.778951451e-05
float,1000,288000,0.0001156853346,8.395302575e-05
float,1000,290000,0.0001291807252,0.0001022378856
float,1000,292000,8.346370073e-05,6.132527778e-05
float,1000,294000,9.333203989e-05,6.986729568e-05
float,1000,296000,8.816742047e-05,6.105683133e-05
float,1000,298000,0.00013395321,0.0001127531723
float,1000,300000,8.138573042e-05,6.254058826e-05
float,1000,302000,0.0001025800828,5.420771413e-05
float,1000,304000,9.12789515e-05,7.763836038e-05
float,1000,306000,0.0001108337363,7.469699631e-05
float,1000,308000,0.000103606812,8.943711146e-05
float,1000,310000,0.0001086357808,6.62808161e-05
float,1000,312000,8.341602304e-05,6.290705642e-05
float,1000,314000,8.833750744e-05,6.074604971e-05
float,1000,316000,8.844714386e-05,6.295307685e-05
float,1000,318000,8.757828763e-05,6.481519813e-05
float,1000,320000,0.0001177559281,8.886409341e-05
float,1000,322000,8.663929284e-05,5.232768672e-05
float,1000,324000,9.366713803e-05,7.264440501e-05
float,1000,326000,0.0001216020078,7.659053517e-05
float,1000,328000,0.0001056660471,7.460619963e-05
float,1000,330000,8.692592232e-05,5.319563934e-05
float,1000,332000,0.0001145877061,6.953664706e-05
float,1000,334000,0.0001219012712,8.066209557e-05
float,1000,336000,8.437549225e-05,3.122489579e-05
float,1000,338000,9.972589899e-05,8.527596219e-05
float,1000,340000,8.574755956e-05,6.149795809e-05
float,1000,342000,8.469313496e-05,4.874057049e-05
float,1000,344000,8.66469199e-05,5.893356501e-05
float,1000,346000,9.470487032e-05,4.684044688e-05
float,1000,348000,8.572838636e-05,8.150374197e-05
float,1000,350000,0.000103237916,6.222785305e-05
float,1000,352000,0.0001146137654,9.506474453e-05
float,1000,354000,0.0001155766615,0.0001073803287
float,1000,356000,9.442215014e-05,0.0001093543178
float,1000,358000,0.0001058983065,0.0001067810808
float,1000,360000,0.0001135395855,9.509563824e-05
float,1000,362000,0.0001175872169,0.0001216385936
float,1000,364000,8.792000098e-05,7.362561882e-05
float,1000,366000,8.187034327e-05,8.436269854e-05
float,1000,368000,0.000112020811,8.518662798e-05
float,1000,370000,0.0001038828774,9.068033978e-05
float,1000,372000,8.090088614e-05,6.974729331e-05
float,1000,374000,0.0001120122409,6.845333701e-05
float,1000,376000,0.0001040240622,9.96734525e-05
float,1000,378000,0.0001228072709,7.163435657e-05
float,1000,380000,0.0001052113735,8.799350326e-05
float,1000,382000,8.738821316e-05,6.119598402e-05
float,1000,384000,7.88459163e-05,9.831229363e-06
float,1000,386000,0.0001080593568,7.147518772e-05
float,1000,388000,0.0001115545164,8.233120752e-05
float,1000,390000,0.00011002976,9.713115287e-05
float,1000,392000,8.961329406e-05,9.738706285e-05
float,1000,394000,9.604097316e-05,7.662591088e-05
float,1000,396000,0.0001058981647,8.979533595e-05
float,1000,398000,0.0001000156799,0.0001119993103
float,1000,400000,0.0001049580218,0.0001560021774
float,1000,402000,9.82025341e-05,0.0001098886132
float,1000,404000,0.0001196850351,0.0001528163411
float,1000,406000,9.664345984e-05,0.0001970611193
float,1000,408000,0.0001017400483,0.0001363788178
float,1000,410000,7.779039029e-05,1.871548193e-05
float,1000,412000,0.000127592585,0.0002021285327
float,1000,414000,0.0001207692827,0.0002078653633
float,1000,416000,0.0001082748005,8.132858056e-05
float,1000,418000,0.0001034133253,0.0001568042353
float,1000,420000,8.088150259e-05,8.430347225e-05
float,1000,422000,9.290654664e-05,0.000174094559
float,1000,424000,6.746471982e-05,0.0001503825624
float,1000,426000,0.0001013375503,0.0002060284169
float,1000,428000,0.0001032067429,0.0001143276168
float,1000,430000,9.923384798e-05,5.123286246e-05
float,1000,432000,0.0001096368931,4.882023131e-05
float,1000,434000,9.993594516e-05,0.0001383987837
float,1000,436000,0.0001035711451,0.0001768593211
float,1000,438000,0.0001207401698,0.0001826725493
float,1000,440000,9.698917468e-05,0.0001297537819
float,1000,442000,8.639268013e-05,0.0001163554552
float,1000,444000,9.217901061e-05,8.91954187e-05
float,1000,446000,0.0001084398332,0.0001799980091
float,1000,448000,0.0001074545593,0.0001792170515
float,1000,450000,8.571317212e-05,0.0001764105546
float,1000,452000,8.432630148e-05,9.130099352e-05
float,1000,454000,0.0001154936113,0.0002352114825
float,1000,456000,0.0001242199551,0.0001774864941
float,1000,458000,0.0001165822521,0.000109393899
float,1000,460000,0.0001009069759,0.0001200525585
float,1000,462000,9.572234118e-05,0.0001198439786
float,1000,464000,8.304396964e-05,0.00017892092
float,1000,466000,0.0001204104044,0.0001371513354
float,1000,468000,8.118822569e-05,0.0001142291803
float,1000,470000,9.726815754e-05,0.0001642902644
float,1000,472000,0.0001084939187,0.0001363906631
float,1000,474000,0.0001024606101,0.0001469656418
float,1000,476000,8.383336693e-05,0.0001434765873
float,1000,478000,0.0001100241536,9.995646542e-05
float,1000,480000,8.656929539e-05,0.0001560781093
float,1000,482000,0.0001035266242,0.0001658975671
float,1000,484000,0.0001021799938,0.0001751210802
float,1000,486000,8.253596497e-05,0.0001841863996
float,1000,488000,0.0001002910955,9.108372615e-05
float,1000,490000,8.924159287e-05,0.0001209750772
float,1000,492000,0.0001084649032,0.0001819201862
float,1000,494000,7.53281544e-05,0.0001435432932
float,1000,496000,7.668946578e-05,0.0001990129094
float,1000,498000,9.491847433e-05,0.0001270696084
float,1000,500000,0.0001135910415,0.0002192405955
float,1000,502000,0.0001193821502,0.000142265897
float,1000,504000,0.0001184189259,0.0002643320768
float,1000,506000,7.119581254e-05,0.0001679371053
float,1000,508000,0.0001006109787,0.0001989932643
float,1000,510000,8.774406493e-05,0.0001102603492
float,1000,512000,7.997336525e-05,0.0001034647794
float,1000,514000,0.0001027301481,0.0003924659686
float,1000,516000,7.733975509e-05,0.0002605862683
float,1000,518000,0.0001058634243,0.0001658020192
float,1000,520000,0.0001049020597,0.0001555378694
float,1000,522000,8.590404245e-05,0.0002238779125
float,1000,524000,7.547685895e-05,0.000199158836
float,1000,526000,8.629553547e-05,0.0001958055509
float,1000,528000,8.360570842e-05,0.0002050496114
float,1000,530000,9.644866103e-05,0.0002532198268
float,1000,532000,0.0001425967689,0.0002462306584
float,1000,534000,0.0001254379373,0.0002646968642
float,1000,536000,6.608013064e-05,0.0001986105344
float,1000,538000,9.885053254e-05,0.0001551921305
float,1000,540000,0.0001021144592,0.0001303153549
float,1000,542000,7.916487377e-05,0.000229129626
float,1000,544000,0.0001064891839,0.0002148827625
float,1000,546000,9.659028226e-05,0.000175652327
float,1000,548000,0.0001214137493,0.0001583471167
float,1000,550000,8.152292646e-05,0.0001192638156
float,1000,552000,9.072391787e-05,0.0002126117615
float,1000,554000,0.0001111573384,0.0001708573982
float,1000,556000,9.442369557e-05,0.0001522051316
float,1000,558000,0.0001441584994,0.0002389540023
float,1000,560000,0.0001148963407,0.0002458236413
float,1000,562000,8.196628304e-05,0.0001664082665
float,1000,564000,8.310256281e-05,0.0001848679822
float,1000,566000,0.0001025234885,0.0002089472837
float,1000,568000,8.146008571e-05,9.162475908e-05
float,1000,570000,9.373168263e-05,0.0002523990406
float,1000,572000,8.498483648e-05,0.0002056823869
float,1000,574000,9.097398644e-05,0.0002933362848
float,1000,576000,8.621943719e-05,0.000191961386
float,1000,578000,0.0001134627094,0.0003454267862
float,1000,580000,0.0001057243479,0.000186524645
float,1000,582000,9.341708187e-05,0.0001791229006
float,1000,584000,9.216526392e-05,0.0002180655429
float,1000,586000,8.644394614e-05,0.0001205905064
float,1000,588000,8.535712506e-05,0.0002459120878
float,1000,590000,9.33931704e-05,0.0002305610396
float,1000,592000,9.346704403e-05,0.0001898704068
float,1000,594000,0.0001080947012,0.0001839705947
float,1000,596000,0.0001033130901,0.0002385984844
float,1000,598000,0.0001085299325,0.000178329341
float,1000,600000,8.025288996e-05,0.0002027341397
float,1000,602000,0.0001244274335,0.0003436767729
float,1000,604000,9.371120934e-05,0.0002815611369
float,1000,606000,0.0001068956111,0.0002913500939
float,1000,608000,9.072175946e-05,0.0002011310135
float,1000,610000,9.290125334e-05,0.0001675091771
float,1000,612000,0.0001053705134,0.00024215132
float,1000,614000,0.0001024304387,0.0001604915597
float,1000,616000,0.0001001560699,0.0001609708852
float,1000,618000,9.223812608e-05,0.0001851770357
float,1000,620000,7.320375266e-05,0.0002428359876
float,1000,622000,0.000102927462,0.0002802493691
float,1000,624000,8.335115181e-05,0.0002038787061
float,1000,626000,7.761705704e-05,0.0002685948275
float,1000,628000,9.480073596e-05,0.0001655683009
float,1000,630000,9.482525929e-05,0.0001553202601
float,1000,632000,0.0001100239199,0.0002552204242
float,1000,634000,0.0001147157977,0.0001766381756
float,1000,636000,8.068695627e-05,0.0002583933237
float,1000,638000,9.558489979e-05,0.0002739263873
float,1000,640000,0.0001053383766,0.000208978774
float,1000,642000,0.0001154543911,0.0002441471443
float,1000,644000,9.130981948e-05,0.0002212910185
float,1000,646000,0.0001010838091,0.0002110224159
float,1000,648000,0.0001244726341,0.0002378161007
float,1000,650000,8.080782162e-05,0.0001249410416
float,1000,652000,0.0001028200634,0.000150906053
float,1000,654000,7.580035376e-05,0.0002649976232
float,1000,656000,8.243214903e-05,0.0001081761802
float,1000,658000,9.091163637e-05,0.0002414581541
float,1000,660000,0.0001244793546,0.0002637286671
float,1000,662000,0.00010117975,0.0002433626796
float,1000,664000,7.873453388e-05,0.0001991604513
float,1000,666000,0.0001014509056,0.0002051070333
float,1000,668000,9.85551253e-05,0.0002293733123
float,1000,670000,9.294207349e-05,0.0001938237256
float,1000,672000,0.0001057154437,0.0001771641255
float,1000,674000,8.616132681e-05,0.0002341299114
float,1000,676000,0.0001177199332,0.0001888873521
float,1000,678000,0.000105227968,0.0003389976919
float,1000,680000,9.239672862e-05,0.0002848096483
float,1000,682000,9.785971256e-05,0.0002613888355
float,1000,684000,0.0001020066135,6.755370123e-05
float,1000,686000,8.045644923e-05,0.0001265739556
float,1000,688000,8.620177668e-05,0.0002535356907
float,1000,690000,0.0001051723114,0.0003198310442
float,1000,692000,0.0001204959431,0.0002799148497
float,1000,694000,0.0001030505136,0.000179300172
float,1000,696000,9.809474865e-05,0.0001847640815
float,1000,698000,0.0001196714513,0.0001618560054
float,1000,700000,9.898440216e-05,0.0002649402304
float,1000,702000,0.0001122595818,0.0001557102078
float,1000,704000,9.875105299e-05,0.0001303008321
float,1000,706000,0.0001084646082,0.0002039243846
float,1000,708000,9.246482805e-05,0.0001851245324
float,1000,710000,0.0001009994967,0.0002191423846
float,1000,712000,0.0001044289271,0.0002218051814
float,1000,714000,9.412164188e-05,0.000209165868
float,1000,716000,0.0001436636826,0.0003735914652
float,1000,718000,8.874604648e-05,0.000217455352
float,1000,720000,8.604507668e-05,0.0001285464095
float,1000,722000,9.208356943e-05,0.0001781251631
float,1000,724000,9.527237427e-05,0.0001339184673
float,1000,726000,0.0001153753544,0.0002704604412
float,1000,728000,0.000110419954,0.0002439427335
float,1000,730000,8.327425843e-05,0.0002655830467
float,1000,732000,8.814058633e-05,0.0002250935941
float,1000,734000,9.9146295e-05,0.0002652071416
float,1000,736000,9.630154291e-05,0.0001250795904
float,1000,738000,9.352271153e-05,0.0002411935857
float,1000,740000,8.90849256e-05,0.0001424802322
float,1000,742000,0.0001260954604,0.0002545975149
float,1000,744000,0.0001259080027,0.0002351939474
float,1000,746000,0.0001095061817,0.0003048561921
float,1000,748000,9.251449859e-05,0.0001868023828
float,1000,750000,8.743650496e-05,0.0001250786154
float,1000,752000,8.18876019e-05,0.0001676821994
float,1000,754000,9.15075323e-05,0.0002540735586
float,1000,756000,0.0001035534583,0.0002579139546
float,1000,758000,8.86155029e-05,0.0002681839978
float,1000,760000,9.262286766e-05,0.0002000462409
float,1000,762000,0.0001190131101,0.0002567353658
float,1000,764000,7.207081474e-05,0.0002256563748
float,1000,766000,0.0001267622592,0.0002235075954
float,1000,768000,9.880569359e-05,0.0001634302898
float,1000,770000,0.000105374022,0.0002042356937
float,1000,772000,8.605343675e-05,0.000193507949
float,1000,774000,8.512402875e-05,0.0002201250027
float,1000,776000,0.000118997336,0.0002100341226
float,1000,778000,9.99672154e-05,0.0001155247883
float,1000,780000,8.520486793e-05,0.0001015647722
float,1000,782000,0.0001162393207,0.0003010114306
float,1000,784000,0.0001046692403,0.0002611494856
float,1000,786000,8.934471756e-05,0.0001893081208
float,1000,788000,0.000105676905,0.0001738150895
float,1000,790000,8.916892488e-05,0.0001704269816
float,1000,792000,9.770834988e-05,0.0001503817621
float,1000,794000,9.89125097e-05,0.000371811213
float,1000,796000,0.0001158184265,0.0001700615685
float,1000,798000,8.462796119e-05,0.0002748421102
float,1000,800000,7.823435157e-05,0.0002794942411
float,1000,802000,0.0001174062411,0.0001725358015
float,1000,804000,6.092885528e-05,0.0001666922908
float,1000,806000,9.800006758e-05,0.0001971134625
float,1000,808000,0.0001292717592,0.0002198094735
float,1000,810000,7.777609119e-05,0.0001321094023
float,1000,812000,8.644130909e-05,0.0001853815047
float,1000,814000,0.0001162900151,0.0003450785298
float,1000,816000,9.935526083e-05,0.0001934107568
float,1000,818000,9.848072974e-05,0.0001914985914
float,1000,820000,0.0001018558619,0.000304564106
float,1000,822000,0.0001115949689,0.0003234652395
float,1000,824000,0.0001028582378,0.0002989396162
float,1000,826000,9.110195882e-05,0.0002803577227
float,1000,828000,9.176857958e-05,0.0002931736526
float,1000,830000,0.000107365053,0.0002991120564
float,1000,832000,8.505969449e-05,0.0002060739207
float,1000,834000,9.495427023e-05,0.0002689634857
float,1000,836000,9.17200127e-05,0.0002158873831
float,1000,838000,7.391253317e-05,0.0002376415359
float,1000,840000,0.0001097739405,0.000149468804
float,1000,842000,0.0001081766847,0.0002566339681
float,1000,844000,9.284253373e-05,0.0002801882511
float,1000,846000,9.074058308e-05,0.0002428295847
float,1000,848000,9.430360764e-05,0.0001424750517
float,1000,850000,0.0001144078415,0.0002230624086
float,1000,852000,8.908700574e-05,0.0001376239961
float,1000,854000,9.451056784e-05,0.0002289159311
float,1000,856000,0.0001168019242,0.0002582752495
float,1000,858000,9.185008629e-05,0.0003228833666
float,1000,860000,0.000117363389,0.0001852339337
float,1000,862000,0.0001147904691,0.0002605507907
float,1000,864000,7.935658963e-05,0.0001517753262
float,1000,866000,0.0001172724287,0.0002006194554
float,1000,868000,9.971997465e-05,0.000205117045
float,1000,870000,9.234546712e-05,0.0002032230841
float,1000,872000,9.440072859e-05,0.0002871029428
float,1000,874000,0.0001058974422,0.0001951000741
float,1000,876000,0.0001053741093,0.0002515441738
float,1000,878000,0.0001109143414,0.0002071612107
float,1000,880000,8.183805441e-05,0.0001378358866
float,1000,882000,0.0001064363017,0.0002677807643
float,1000,884000,8.354893086e-05,0.0002314461599
float,1000,886000,0.000122813322,0.0002467759186
float,1000,888000,0.0001123988734,0.0003112433478
float,1000,890000,8.121585003e-05,0.0002721620258
float,1000,892000,8.723962902e-05,0.0002691777481
float,1000,894000,9.643570153e-05,0.0002935118973
float,1000,896000,0.0001000096039,0.0001517761557
float,1000,898000,9.610391739e-05,0.0003694411134
float,1000,900000,8.785186505e-05,0.0002265376097
float,1000,902000,8.770510818e-05,0.0001766203786
float,1000,904000,8.341219201e-05,0.0002446196449
float,1000,906000,9.154456884e-05,0.0001823254861
float,1000,908000,0.0001028078595,0.000227208322
float,1000,910000,8.812096083e-05,0.000147723229
float,1000,912000,0.0001122330566,0.0002653023694
float,1000,914000,7.55113224e-05,0.0002364108805
float,1000,916000,0.0001229365287,0.0002745587553
float,1000,918000,9.669558267e-05,0.0002081559796
float,1000,920000,0.0001130429497,0.0002965064195
float,1000,922000,9.212051791e-05,0.0003183026565
float,1000,924000,0.0001113757943,0.0003699499648
float,1000,926000,9.343605902e-05,0.0002392192546
float,1000,928000,0.000106111474,0.0002944416483
float,1000,930000,0.0001057142,0.0002479408868
float,1000,932000,7.884222262e-05,0.0002118054836
float,1000,934000,9.091402545e-05,0.0001919762435
float,1000,936000,0.0001105275886,0.0002962829603
float,1000,938000,8.250178412e-05,0.0002881415421
float,1000,940000,0.0001055534575,0.0002501986746
float,1000,942000,9.715386826e-05,0.0001947903802
float,1000,944000,0.0001130339665,0.0002267347445
float,1000,946000,9.248688516e-05,0.0002670257236
float,1000,948000,8.947777176e-05,0.0001914630993
float,1000,950000,9.410657666e-05,0.0002270471159
float,1000,952000,9.314617236e-05,0.0003173659206
float,1000,954000,9.961231301e-05,0.0002712242713
float,1000,956000,0.0001023445828,0.0001947904966
float,1000,958000,9.90306714e-05,0.0002718512842
float,1000,960000,0.0001052601,0.000264467817
float,1000,962000,9.40628346e-05,0.0003121373302
float,1000,964000,9.63161389e-05,0.0001984295814
float,1000,966000,0.000107184448,0.00028676074
float,1000,968000,9.465300977e-05,0.0002778173948
float,1000,970000,9.472129133e-05,0.0001727713243
float,1000,972000,0.0001010639841,0.0003385384043
float,1000,974000,9.656899355e-05,0.0002982901351
float,1000,976000,0.000115134678,0.0002095463424
float,1000,978000,8.765911928e-05,0.0002803085954
float,1000,980000,9.619582896e-05,0.0002177355782
float,1000,982000,0.0001089977989,0.0002978453995
float,1000,984000,0.0001133422373,0.0002527438919
float,1000,986000,9.319388806e-05,0.0001937222405
float,1000,988000,9.828039003e-05,0.000350534363
float,1000,990000,8.306553681e-05,0.0001992875332
float,1000,992000,0.0001014790661,0.0002478961251
float,1000,994000,0.0001015431272,0.0001860422053
float,1000,996000,9.795509015e-05,0.0002657520527
float,1000,998000,0.00010731701,0.0002817470522
float,1000,1000000,0.0001197856826,0.0003400397836
double,1000,2000,0.0001168575888,0.0001168575888
double,1000,4000,8.599728341e-05,8.599728342e-05
double,1000,6000,0.0001015158858,0.0001015158858
double,1000,8000,9.635536777e-05,9.635536777e-05
double,1000,10000,0.0001140251902,0.0001140251902
double,1000,12000,8.770135749e-05,8.77013575e-05
double,1000,14000,0.0001336941245,0.0001336941246
double,1000,16000,0.0001080702021,0.0001080702021
double,1000,18000,0.0001309498315,0.0001309498315
double,1000,20000,0.0001223406441,0.0001223406441
double,1000,22000,0.0001110325429,0.0001110325429
double,1000,24000,9.172355509e-05,9.17235551e-05
double,1000,26000,0.0001107642695,0.0001107642695
double,1000,28000,8.066403971e-05,8.066403972e-05
double,1000,30000,9.87899447e-05,9.878994471e-05
double,1000,32000,8.631374584e-05,8.631374584e-05
double,1000,34000,9.338906178e-05,9.33890618e-05
double,1000,36000,7.91099598e-05,7.910995982e-05
double,1000,38000,0.0001066724417,0.0001066724417
double,1000,40000,0.0001123635743,0.0001123635743
double,1000,42000,9.338544842e-05,9.338544843e-05
double,1000,44000,0.0001023836178,0.0001023836178
double,1000,46000,7.926337626e-05,7.926337627e-05
double,1000,48000,0.0001042241908,0.0001042241908
double,1000,50000,0.0001283723159,0.0001283723159
double,1000,52000,0.000100686817,0.000100686817
double,1000,54000,0.0001004544175,0.0001004544175
double,1000,56000,9.995390895e-05,9.995390896e-05
double,1000,58000,9.112479584e-05,9.112479587e-05
double,1000,60000,0.0001088657801,0.0001088657802
double,1000,62000,0.0001268415663,0.0001268415664
double,1000,64000,8.896612576e-05,8.89661258e-05
double,1000,66000,0.0001014882881,0.0001014882881
double,1000,68000,0.0001044631143,0.0001044631143
double,1000,70000,9.578020913e-05,9.578020915e-05
double,1000,72000,9.5699149e-05,9.569914903e-05
double,1000,74000,9.416080397e-05,9.4160804e-05
double,1000,76000,8.823188307e-05,8.823188308e-05
double,1000,78000,0.000124045619,0.000124045619
double,1000,80000,7.520743495e-05,7.520743497e-05
double,1000,82000,6.607014892e-05,6.607014896e-05
double,1000,84000,0.0001257371336,0.0001257371336
double,1000,86000,8.823450209e-05,8.823450209e-05
double,1000,88000,7.245321482e-05,7.245321483e-05
double,1000,90000,0.0001126600549,0.0001126600549
double,1000,92000,8.787711865e-05,8.78771187e-05
double,1000,94000,9.458898598e-05,9.458898601e-05
double,1000,96000,0.0001335153768,0.0001335153768
double,1000,98000,7.126079939e-05,7.126079941e-05
double,1000,100000,0.0001203709569,0.0001203709569
double,1000,102000,9.719407043e-05,9.719407043e-05
double,1000,104000,0.0001210494195,0.0001210494195
double,1000,106000,8.33505252e-05,8.33505252e-05
double,1000,108000,0.0001055648234,0.0001055648235
double,1000,110000,0.0001042012789,0.0001042012789
double,1000,112000,8.145768055e-05,8.14576806e-05
double,1000,114000,8.684147692e-05,8.684147688e-05
double,1000,116000,7.719220055e-05,7.719220056e-05
double,1000,118000,9.158460123e-05,9.158460126e-05
double,1000,120000,0.0001014898255,0.0001014898255
double,1000,122000,9.800696826e-05,9.800696827e-05
double,1000,124000,0.0001071745907,0.0001071745907
double,1000,126000,8.824238447e-05,8.824238449e-05
double,1000,128000,9.220749885e-05,9.220749886e-05
double,1000,130000,0.0001195115996,0.0001195115996
double,1000,132000,8.388190665e-05,8.388190669e-05
double,1000,134000,8.93886433e-05,8.938864335e-05
double,1000,136000,9.359900143e-05,9.359900147e-05
double,1000,138000,0.0001060514831,0.0001060514831
double,1000,140000,8.444087344e-05,8.444087348e-05
double,1000,142000,9.788218914e-05,9.788218916e-05
double,1000,144000,8.114482476e-05,8.114482479e-05
double,1000,146000,0.000101184882,0.000101184882
double,1000,148000,0.0001112641222,0.0001112641222
double,1000,150000,0.0001033099457,0.0001033099457
double,1000,152000,7.268696772e-05,7.268696777e-05
double,1000,154000,0.0001188900368,0.0001188900368
double,1000,156000,8.579799902e-05,8.579799906e-05
double,1000,158000,0.0001077431764,0.0001077431764
double,1000,160000,6.949652083e-05,6.949652087e-05
double,1000,162000,0.0001116387882,0.0001116387883
double,1000,164000,9.885426883e-05,9.885426887e-05
double,1000,166000,0.0001451667527,0.0001451667527
double,1000,168000,0.0001116608371,0.0001116608371
double,1000,170000,9.389265604e-05,9.389265608e-05
double,1000,172000,5.921809872e-05,5.921809875e-05
double,1000,174000,9.170092602e-05,9.170092602e-05
double,1000,176000,0.0001098252604,0.0001098252605
double,1000,178000,9.431760399e-05,9.431760403e-05
double,1000,180000,9.519792464e-05,9.519792466e-05
double,1000,182000,8.821678947e-05,8.821678952e-05
double,1000,184000,0.0001231298977,0.0001231298977
double,1000,186000,0.000108855897,0.0001088558971
double,1000,188000,0.0001037413422,0.0001037413422
double,1000,190000,0.0001004475414,0.0001004475414
double,1000,192000,8.717612182e-05,8.717612184e-05
double,1000,194000,9.526712892e-05,9.526712898e-05
double,1000,196000,0.0001008256675,0.0001008256675
double,1000,198000,0.000102134388,0.000102134388
double,1000,200000,0.0001176157954,0.0001176157955
double,1000,202000,8.877279507e-05,8.877279507e-05
double,1000,204000,0.0001120989857,0.0001120989858
double,1000,206000,0.0001127311646,0.0001127311646
double,1000,208000,0.0001026039709,0.000102603971
double,1000,210000,0.0001076219281,0.0001076219282
double,1000,212000,9.560778595e-05,9.560778599e-05
double,1000,214000,0.0001025601948,0.0001025601947
double,1000,216000,9.545146746e-05,9.545146753e-05
double,1000,218000,0.0001021125574,0.0001021125574
double,1000,220000,9.894133689e-05,9.894133687e-05
double,1000,222000,9.497957057e-05,9.497957063e-05
double,1000,224000,0.0001333003296,0.0001333003296
double,1000,226000,9.700930379e-05,9.700930385e-05
double,1000,228000,8.290146548e-05,8.290146556e-05
double,1000,230000,0.0001165298135,0.0001165298135
double,1000,232000,8.480895792e-05,8.480895797e-05
double,1000,234000,0.0001153018951,0.0001153018952
double,1000,236000,0.0001200078553,0.0001200078553
double,1000,238000,7.652502749e-05,7.652502755e-05
double,1000,240000,9.720459537e-05,9.720459542e-05
double,1000,242000,0.0001138537014,0.0001138537014
double,1000,244000,0.0001037049368,0.0001037049369
double,1000,246000,0.0001017243908,0.0001017243908
double,1000,248000,9.704029888e-05,9.704029895e-05
double,1000,250000,0.0001049762976,0.0001049762977
double,1000,252000,9.647357357e-05,9.647357363e-05
double,1000,254000,8.521853406e-05,8.521853417e-05
double,1000,256000,9.740480045e-05,9.740480054e-05
double,1000,258000,8.41295338e-05,8.41295339e-05
double,1000,260000,8.315427434e-05,8.315427442e-05
double,1000,262000,8.235789014e-05,8.235789018e-05
double,1000,264000,9.167321172e-05,9.16732118e-05
double,1000,266000,8.792817029e-05,8.792817036e-05
double,1000,268000,0.0001101452979,0.000110145298
double,1000,270000,9.566887883e-05,9.56688789e-05
double,1000,272000,0.0001089025773,0.0001089025774
double,1000,274000,9.850268745e-05,9.850268753e-05
double,1000,276000,0.00012301816,0.0001230181601
double,1000,278000,9.344631874e-05,9.344631881e-05
double,1000,280000,0.0001159512171,0.0001159512172
double,1000,282000,0.0001124224923,0.0001124224924
double,1000,284000,9.960236367e-05,9.960236374e-05
double,1000,286000,9.584970385e-05,9.584970391e-05
double,1000,288000,0.0001156804017,0.0001156804018
double,1000,290000,0.0001291942031,0.0001291942032
double,1000,292000,8.347342061e-05,8.347342067e-05
double,1000,294000,9.327424505e-05,9.327424512e-05
double,1000,296000,8.817352577e-05,8.817352585e-05
double,1000,298000,0.0001340491235,0.0001340491236
double,1000,300000,8.140453151e-05,8.140453158e-05
double,1000,302000,0.0001025404669,0.000102540467
double,1000,304000,9.125952358e-05,9.125952364e-05
double,1000,306000,0.0001107866608,0.0001107866609
double,1000,308000,0.0001035654483,0.0001035654484
double,1000,310000,0.0001086367472,0.0001086367473
double,1000,312000,8.346495667e-05,8.346495673e-05
double,1000,314000,8.836284989e-05,8.836284997e-05
double,1000,316000,8.842704101e-05,8.842704109e-05
double,1000,318000,8.763546525e-05,8.763546533e-05
double,1000,320000,0.0001178144651,0.0001178144652
double,1000,322000,8.662942368e-05,8.662942378e-05
double,1000,324000,9.370873525e-05,9.370873532e-05
double,1000,326000,0.0001215829907,0.0001215829909
double,1000,328000,0.0001056665709,0.0001056665709
double,1000,330000,8.695202106e-05,8.695202114e-05
double,1000,332000,0.0001145640844,0.0001145640845
double,1000,334000,0.0001218837773,0.0001218837774
double,1000,336000,8.439114577e-05,8.439114589e-05
double,1000,338000,9.966943249e-05,9.966943257e-05
double,1000,340000,8.567466667e-05,8.567466676e-05
double,1000,342000,8.466703217e-05,8.466703228e-05
double,1000,344000,8.664150616e-05,8.664150626e-05
double,1000,346000,9.473042244e-05,9.473042258e-05
double,1000,348000,8.570985532e-05,8.570985538e-05
double,1000,350000,0.0001033511435,0.0001033511436
double,1000,352000,0.00011460369,0.0001146036901
double,1000,354000,0.0001155397729,0.0001155397729
double,1000,356000,9.437991406e-05,9.43799141e-05
double,1000,358000,0.0001059613117,0.0001059613117
double,1000,360000,0.0001135893804,0.0001135893805
double,1000,362000,0.0001175919387,0.0001175919387
double,1000,364000,8.792719548e-05,8.792719556e-05
double,1000,366000,8.190099077e-05,8.190099082e-05
double,1000,368000,0.0001120276636,0.0001120276637
double,1000,370000,0.000103841282,0.0001038412821
double,1000,372000,8.085744259e-05,8.085744265e-05
double,1000,374000,0.0001120744422,0.0001120744423
double,1000,376000,0.0001039502382,0.0001039502383
double,1000,378000,0.0001227678189,0.000122767819
double,1000,380000,0.000105202492,0.0001052024921
double,1000,382000,8.73910839e-05,8.739108398e-05
double,1000,384000,7.87572033e-05,7.875720343e-05
double,1000,386000,0.0001080933366,0.0001080933367
double,1000,388000,0.0001116010291,0.0001116010292
double,1000,390000,0.0001099902008,0.0001099902009
double,1000,392000,8.958261624e-05,8.95826163e-05
double,1000,394000,9.601599097e-05,9.601599105e-05
double,1000,396000,0.0001059266511,0.0001059266512
double,1000,398000,0.0001000151578,0.0001000151578
double,1000,400000,0.0001049617217,0.0001049617218
double,1000,402000,9.822076122e-05,9.822076128e-05
double,1000,404000,0.0001196915565,0.0001196915566
double,1000,406000,9.661483261e-05,9.66148326e-05
double,1000,408000,0.0001016780217,0.0001016780218
double,1000,410000,7.781701423e-05,7.781701436e-05
double,1000,412000,0.0001276097981,0.0001276097982
double,1000,414000,0.0001207097482,0.0001207097482
double,1000,416000,0.0001082096624,0.0001082096625
double,1000,418000,0.0001034081745,0.0001034081745
double,1000,420000,8.087923838e-05,8.087923846e-05
double,1000,422000,9.295653504e-05,9.295653507e-05
double,1000,424000,6.748344495e-05,6.748344498e-05
double,1000,426000,0.0001013866161,0.0001013866162
double,1000,428000,0.0001032624782,0.0001032624783
double,1000,430000,9.927749973e-05,9.927749985e-05
double,1000,432000,0.0001096072601,0.0001096072602
double,1000,434000,9.991892906e-05,9.991892913e-05
double,1000,436000,0.000103525029,0.000103525029
double,1000,438000,0.0001207447432,0.0001207447433
double,1000,440000,9.692176454e-05,9.692176462e-05
double,1000,442000,8.640725068e-05,8.640725077e-05
double,1000,444000,9.221306217e-05,9.221306228e-05
double,1000,446000,0.0001084283111,0.0001084283111
double,1000,448000,0.0001074252188,0.0001074252188
double,1000,450000,8.570862843e-05,8.570862845e-05
double,1000,452000,8.42988795e-05,8.42988796e-05
double,1000,454000,0.0001154329774,0.0001154329774
double,1000,456000,0.0001241766638,0.0001241766638
double,1000,458000,0.0001166039771,0.0001166039773
double,1000,460000,0.0001008836822,0.0001008836822
double,1000,462000,9.573419372e-05,9.573419381e-05
double,1000,464000,8.300001047e-05,8.30000105e-05
double,1000,466000,0.0001204252571,0.0001204252572
double,1000,468000,8.118679629e-05,8.118679638e-05
double,1000,470000,9.728895585e-05,9.728895591e-05
double,1000,472000,0.0001084548445,0.0001084548446
double,1000,474000,0.0001024650618,0.0001024650619
double,1000,476000,8.386363236e-05,8.386363243e-05
double,1000,478000,0.00010998717,0.0001099871701
double,1000,480000,8.654821396e-05,8.654821403e-05
double,1000,482000,0.0001035149208,0.0001035149209
double,1000,484000,0.0001021413541,0.0001021413542
double,1000,486000,8.256409977e-05,8.256409983e-05
double,1000,488000,0.0001002714436,0.0001002714437
double,1000,490000,8.920493186e-05,8.920493194e-05
double,1000,492000,0.0001084682385,0.0001084682385
double,1000,494000,7.537068271e-05,7.537068277e-05
double,1000,496000,7.669009278e-05,7.669009283e-05
double,1000,498000,9.487280128e-05,9.487280138e-05
double,1000,500000,0.0001135949293,0.0001135949293
double,1000,502000,0.0001194088077,0.0001194088078
double,1000,504000,0.0001184771149,0.000118477115
double,1000,506000,7.125119123e-05,7.12511913e-05
double,1000,508000,0.0001006423134,0.0001006423135
double,1000,510000,8.77290779e-05,8.772907802e-05
double,1000,512000,7.996094123e-05,7.996094135e-05
double,1000,514000,0.0001027262161,0.000102726216
double,1000,516000,7.736500723e-05,7.736500723e-05
double,1000,518000,0.000105805161,0.0001058051611
double,1000,520000,0.0001049545579,0.000104954558
double,1000,522000,8.588009756e-05,8.58800976e-05
double,1000,524000,7.546284274e-05,7.546284278e-05
double,1000,526000,8.631684317e-05,8.631684322e-05
double,1000,528000,8.354470401e-05,8.354470406e-05
double,1000,530000,9.643295785e-05,9.643295788e-05
double,1000,532000,0.0001426844416,0.0001426844417
double,1000,534000,0.0001253884439,0.000125388444
double,1000,536000,6.608007933e-05,6.608007938e-05
double,1000,538000,9.886787222e-05,9.886787232e-05
double,1000,540000,0.0001021211184,0.0001021211185
double,1000,542000,7.913224263e-05,7.913224268e-05
double,1000,544000,0.000106496606,0.0001064966061
double,1000,546000,9.661612144e-05,9.661612153e-05
double,1000,548000,0.0001214324559,0.000121432456
double,1000,550000,8.150174793e-05,8.150174804e-05
double,1000,552000,9.069022912e-05,9.069022918e-05
double,1000,554000,0.0001112027667,0.0001112027668
double,1000,556000,9.442551123e-05,9.442551134e-05
double,1000,558000,0.0001441508491,0.0001441508492
double,1000,560000,0.0001148601382,0.0001148601382
double,1000,562000,8.196086885e-05,8.196086894e-05
double,1000,564000,8.312415751e-05,8.312415758e-05
double,1000,566000,0.0001024935463,0.0001024935464
double,1000,568000,8.142340576e-05,8.142340591e-05
double,1000,570000,9.376844047e-05,9.376844048e-05
double,1000,572000,8.489749744e-05,8.489749749e-05
double,1000,574000,9.097270557e-05,9.097270555e-05
double,1000,576000,8.619198374e-05,8.61919838e-05
double,1000,578000,0.0001135479304,0.0001135479304
double,1000,580000,0.0001056957053,0.0001056957054
double,1000,582000,9.331871636e-05,9.331871643e-05
double,1000,584000,9.214554223e-05,9.214554228e-05
double,1000,586000,8.645577617e-05,8.645577628e-05
double,1000,588000,8.532740472e-05,8.532740475e-05
double,1000,590000,9.3474698e-05,9.347469804e-05
double,1000,592000,9.344427869e-05,9.344427875e-05
double,1000,594000,0.0001080633186,0.0001080633186
double,1000,596000,0.0001033109639,0.000103310964
double,1000,598000,0.0001084694518,0.0001084694519
double,1000,600000,8.026039292e-05,8.026039295e-05
double,1000,602000,0.0001244166433,0.0001244166433
double,1000,604000,9.372290079e-05,9.37229008e-05
double,1000,606000,0.0001068589667,0.0001068589667
double,1000,608000,9.071202655e-05,9.071202659e-05
double,1000,610000,9.291235371e-05,9.291235376e-05
double,1000,612000,0.000105403713,0.000105403713
double,1000,614000,0.0001025285098,0.0001025285098
double,1000,616000,0.0001001236151,0.0001001236151
double,1000,618000,9.230095327e-05,9.230095332e-05
double,1000,620000,7.321193029e-05,7.321193031e-05
double,1000,622000,0.000102944221,0.000102944221
double,1000,624000,8.334208328e-05,8.334208333e-05
double,1000,626000,7.76274079e-05,7.762740792e-05
double,1000,628000,9.479630485e-05,9.479630492e-05
double,1000,630000,9.48532096e-05,9.485320968e-05
double,1000,632000,0.0001100176197,0.0001100176198
double,1000,634000,0.0001147235003,0.0001147235004
double,1000,636000,8.067992486e-05,8.067992487e-05
double,1000,638000,9.554344895e-05,9.554344896e-05
double,1000,640000,0.0001053800052,0.0001053800052
double,1000,642000,0.0001155080231,0.0001155080231
double,1000,644000,9.128647168e-05,9.12864717e-05
double,1000,646000,0.00010106138,0.00010106138
double,1000,648000,0.0001245409702,0.0001245409702
double,1000,650000,8.084516183e-05,8.084516189e-05
double,1000,652000,0.0001028154334,0.0001028154335
double,1000,654000,7.581730249e-05,7.581730249e-05
double,1000,656000,8.245492787e-05,8.245492795e-05
double,1000,658000,9.094988424e-05,9.094988425e-05
double,1000,660000,0.000124486857,0.000124486857
double,1000,662000,0.0001012204903,0.0001012204903
double,1000,664000,7.872807601e-05,7.872807602e-05
double,1000,666000,0.0001014833916,0.0001014833916
double,1000,668000,9.850886793e-05,9.850886794e-05
double,1000,670000,9.293130627e-05,9.29313063e-05
double,1000,672000,0.000105764334,0.000105764334
double,1000,674000,8.614036285e-05,8.614036286e-05
double,1000,676000,0.0001177444157,0.0001177444157
double,1000,678000,0.0001051928765,0.0001051928765
double,1000,680000,9.242520464e-05,9.242520462e-05
double,1000,682000,9.787699583e-05,9.787699582e-05
double,1000,684000,0.0001020044757,0.0001020044758
double,1000,686000,8.042847485e-05,8.04284749e-05
double,1000,688000,8.615637841e-05,8.615637841e-05
double,1000,690000,0.0001051904499,0.0001051904499
double,1000,692000,0.0001205341102,0.0001205341102
double,1000,694000,0.0001030512841,0.0001030512841
double,1000,696000,9.810773271e-05,9.810773274e-05
double,1000,698000,0.0001196452862,0.0001196452863
double,1000,700000,9.897223338e-05,9.897223335e-05
double,1000,702000,0.0001122169573,0.0001122169574
double,1000,704000,9.871988155e-05,9.871988162e-05
double,1000,706000,0.0001084624458,0.0001084624458
double,1000,708000,9.248810739e-05,9.24881074e-05
double,1000,710000,0.0001009864078,0.0001009864078
double,1000,712000,0.0001043886326,0.0001043886326
double,1000,714000,9.415112505e-05,9.415112506e-05
double,1000,716000,0.0001436573653,0.0001436573652
double,1000,718000,8.87371586e-05,8.87371586e-05
double,1000,720000,8.603952918e-05,8.603952924e-05
double,1000,722000,9.214968839e-05,9.214968842e-05
double,1000,724000,9.524886373e-05,9.524886381e-05
double,1000,726000,0.000115377481,0.000115377481
double,1000,728000,0.0001103822467,0.0001103822467
double,1000,730000,8.324340248e-05,8.32434024e-05
double,1000,732000,8.814487753e-05,8.81448775e-05
double,1000,734000,9.918839782e-05,9.918839777e-05
double,1000,736000,9.631869771e-05,9.631869777e-05
double,1000,738000,9.35308056e-05,9.353080557e-05
double,1000,740000,8.907256584e-05,8.907256588e-05
double,1000,742000,0.0001261115075,0.0001261115075
double,1000,744000,0.0001259511459,0.0001259511459
double,1000,746000,0.0001094207634,0.0001094207633
double,1000,748000,9.256560707e-05,9.256560708e-05
double,1000,750000,8.738530459e-05,8.738530463e-05
double,1000,752000,8.193750184e-05,8.193750185e-05
double,1000,754000,9.151080921e-05,9.151080918e-05
double,1000,756000,0.0001035348308,0.0001035348308
double,1000,758000,8.859586654e-05,8.859586652e-05
double,1000,760000,9.262066644e-05,9.262066645e-05
double,1000,762000,0.0001189752193,0.0001189752193
double,1000,764000,7.212458544e-05,7.212458543e-05
double,1000,766000,0.0001267526069,0.0001267526069
double,1000,768000,9.881643237e-05,9.881643239e-05
double,1000,770000,0.000105362313,0.000105362313
double,1000,772000,8.601298078e-05,8.601298078e-05
double,1000,774000,8.514541395e-05,8.514541394e-05
double,1000,776000,0.0001190383432,0.0001190383432
double,1000,778000,9.993101822e-05,9.993101826e-05
double,1000,780000,8.522373672e-05,8.522373676e-05
double,1000,782000,0.0001162923807,0.0001162923807
double,1000,784000,0.0001046922083,0.0001046922083
double,1000,786000,8.9367956e-05,8.936795601e-05
double,1000,788000,0.0001057102591,0.0001057102592
double,1000,790000,8.910659998e-05,8.91066e-05
double,1000,792000,9.773756995e-05,9.773756998e-05
double,1000,794000,9.894149332e-05,9.894149322e-05
double,1000,796000,0.0001158383191,0.0001158383191
double,1000,798000,8.466922951e-05,8.466922947e-05
double,1000,800000,7.823128809e-05,7.823128805e-05
double,1000,802000,0.0001174025268,0.0001174025269
double,1000,804000,6.09167589e-05,6.091675891e-05
double,1000,806000,9.799757422e-05,9.799757424e-05
double,1000,808000,0.0001292436343,0.0001292436343
double,1000,810000,7.780914892e-05,7.780914897e-05
double,1000,812000,8.639667323e-05,8.639667324e-05
double,1000,814000,0.000116298233,0.0001162982329
double,1000,816000,9.932906785e-05,9.932906786e-05
double,1000,818000,9.845546586e-05,9.845546587e-05
double,1000,820000,0.0001018117726,0.0001018117725
double,1000,822000,0.0001115897705,0.0001115897705
double,1000,824000,0.0001028227079,0.0001028227079
double,1000,826000,9.11375339e-05,9.113753386e-05
double,1000,828000,9.177851468e-05,9.177851463e-05
double,1000,830000,0.0001073333756,0.0001073333756
double,1000,832000,8.50814511e-05,8.50814511e-05
double,1000,834000,9.491575801e-05,9.491575797e-05
double,1000,836000,9.171218136e-05,9.171218136e-05
double,1000,838000,7.390219286e-05,7.390219284e-05
double,1000,840000,0.0001097744356,0.0001097744357
double,1000,842000,0.0001082354406,0.0001082354406
double,1000,844000,9.284579156e-05,9.284579152e-05
double,1000,846000,9.075408698e-05,9.075408696e-05
double,1000,848000,9.433739932e-05,9.433739934e-05
double,1000,850000,0.0001144120792,0.0001144120792
double,1000,852000,8.902246451e-05,8.902246454e-05
double,1000,854000,9.452909051e-05,9.452909051e-05
double,1000,856000,0.0001168112334,0.0001168112334
double,1000,858000,9.183690349e-05,9.183690346e-05
double,1000,860000,0.0001173712781,0.0001173712782
double,1000,862000,0.0001148343461,0.0001148343461
double,1000,864000,7.933546547e-05,7.933546547e-05
double,1000,866000,0.0001173170652,0.0001173170652
double,1000,868000,9.972508306e-05,9.972508305e-05
double,1000,870000,9.232915121e-05,9.232915121e-05
double,1000,872000,9.4439637e-05,9.443963696e-05
double,1000,874000,0.0001059471379,0.0001059471379
double,1000,876000,0.000105355583,0.000105355583
double,1000,878000,0.000110892185,0.000110892185
double,1000,880000,8.186323352e-05,8.186323355e-05
double,1000,882000,0.0001064551834,0.0001064551834
double,1000,884000,8.354078322e-05,8.35407832e-05
double,1000,886000,0.0001227676178,0.0001227676178
double,1000,888000,0.0001124188587,0.0001124188586
double,1000,890000,8.115721276e-05,8.115721273e-05
double,1000,892000,8.721350024e-05,8.721350021e-05
double,1000,894000,9.650079598e-05,9.650079595e-05
double,1000,896000,9.998766438e-05,9.998766442e-05
double,1000,898000,9.615086551e-05,9.615086544e-05
double,1000,900000,8.777660446e-05,8.777660445e-05
double,1000,902000,8.772855684e-05,8.772855685e-05
double,1000,904000,8.339171649e-05,8.339171648e-05
double,1000,906000,9.150883044e-05,9.150883045e-05
double,1000,908000,0.0001028295781,0.0001028295781
double,1000,910000,8.813168366e-05,8.813168369e-05
double,1000,912000,0.0001122909574,0.0001122909574
double,1000,914000,7.548533866e-05,7.548533865e-05
double,1000,916000,0.0001229747731,0.0001229747731
double,1000,918000,9.665685712e-05,9.665685713e-05
double,1000,920000,0.0001130455303,0.0001130455303
double,1000,922000,9.214930945e-05,9.214930944e-05
double,1000,924000,0.0001114024401,0.0001114024401
double,1000,926000,9.336606592e-05,9.336606592e-05
double,1000,928000,0.0001061539423,0.0001061539422
double,1000,930000,0.0001057485641,0.0001057485641
double,1000,932000,7.88247651e-05,7.88247651e-05
double,1000,934000,9.093580251e-05,9.093580251e-05
double,1000,936000,0.000110555402,0.000110555402
double,1000,938000,8.251291816e-05,8.251291815e-05
double,1000,940000,0.0001055579508,0.0001055579508
double,1000,942000,9.72067641e-05,9.720676409e-05
double,1000,944000,0.0001129652629,0.0001129652629
double,1000,946000,9.246802676e-05,9.246802675e-05
double,1000,948000,8.948775349e-05,8.948775348e-05
double,1000,950000,9.412788486e-05,9.412788486e-05
double,1000,952000,9.310769889e-05,9.310769887e-05
double,1000,954000,9.960310465e-05,9.960310464e-05
double,1000,956000,0.0001023594071,0.0001023594071
double,1000,958000,9.899615047e-05,9.899615046e-05
double,1000,960000,0.0001052276716,0.0001052276716
double,1000,962000,9.404495314e-05,9.404495311e-05
double,1000,964000,9.634176833e-05,9.634176833e-05
double,1000,966000,0.0001071813783,0.0001071813783
double,1000,968000,9.463759478e-05,9.463759477e-05
double,1000,970000,9.476112525e-05,9.476112525e-05
double,1000,972000,0.0001010611713,0.0001010611712
double,1000,974000,9.659055235e-05,9.659055234e-05
double,1000,976000,0.0001151737795,0.0001151737795
double,1000,978000,8.769444528e-05,8.769444526e-05
double,1000,980000,9.620072324e-05,9.620072324e-05
double,1000,982000,0.0001090064404,0.0001090064403
double,1000,984000,0.0001133251673,0.0001133251673
double,1000,986000,9.320516978e-05,9.320516978e-05
double,1000,988000,9.829163866e-05,9.829163864e-05
double,1000,990000,8.300616473e-05,8.300616472e-05
double,1000,992000,0.0001014127021,0.0001014127021
double,1000,994000,0.0001014674153,0.0001014674153
double,1000,996000,9.793701617e-05,9.793701617e-05
double,1000,998000,0.0001073031361,0.0001073031361
double,1000,1000000,0.0001198194156,0.0001198194156
